JobID|JobName|State|ExitCode|Partition|NodeList|ReqTRES|AllocTRES|Submit|Start|End|Planned|Elapsed|ElapsedRaw|TotalCPU|CPUTimeRAW|MaxRSS|MaxVMSize|AveCPU|MaxDiskRead|MaxDiskWrite|ConsumedEnergy
140181|csp-smoke|FAILED|2:0|debug|dscog001|billing=8,cpu=8,mem=32768M,node=1|billing=8,cpu=8,mem=32768M,node=1|2026-08-30T14:15:02|2026-08-30T14:15:02|2026-08-30T14:27:36|00:00:00|00:12:34|754|27:54.131|6032||||||
140181.batch|batch|FAILED|2:0||dscog001||cpu=8,mem=32768M,node=1|2026-08-30T14:15:02|2026-08-30T14:15:02|2026-08-30T14:27:36||00:12:34|754|27:54.131|6032|9385.26M|0|00:27:53|21075.13M|92.85M|0
140182|csp-probe|COMPLETED|0:0|debug|dscog001|billing=8,cpu=8,gres/gpu:nvidia_a30=1,gres/gpu=1,mem=57344M,node=1|billing=8,cpu=8,gres/gpu:nvidia_a30=1,gres/gpu=1,mem=57344M,node=1|2026-08-30T14:15:02|2026-08-30T14:15:03|2026-08-30T14:16:17|00:00:01|00:01:14|74|01:45.721|592||||||
140182.batch|batch|COMPLETED|0:0||dscog001||cpu=8,gres/gpu:nvidia_a30=1,gres/gpu=1,mem=57344M,node=1|2026-08-30T14:15:03|2026-08-30T14:15:03|2026-08-30T14:16:17||00:01:14|74|01:45.721|592|1704.54M|0|00:01:45|133.11M|1663.74M|0
140183|csp-smoke|FAILED|2:0|debug|dscog001|billing=8,cpu=8,mem=32768M,node=1|billing=8,cpu=8,mem=32768M,node=1|2026-08-30T14:27:56|2026-08-30T14:27:59|2026-08-30T14:27:59|00:00:03|00:00:00|0|00:00.196|0||||||
140183.batch|batch|FAILED|2:0||dscog001||cpu=8,mem=32768M,node=1|2026-08-30T14:27:59|2026-08-30T14:27:59|2026-08-30T14:27:59||00:00:00|0|00:00.196|0|0.45M|0|00:00:00|0|0.00M|0
140184|csp-smoke|COMPLETED|0:0|debug|dscog001|billing=8,cpu=8,mem=32768M,node=1|billing=8,cpu=8,mem=32768M,node=1|2026-08-30T14:29:35|2026-08-30T14:29:35|2026-08-30T14:30:43|00:00:00|00:01:08|68|03:36.588|544||||||
140184.batch|batch|COMPLETED|0:0||dscog001||cpu=8,mem=32768M,node=1|2026-08-30T14:29:35|2026-08-30T14:29:35|2026-08-30T14:30:43||00:01:08|68|03:36.588|544|7524.14M|0|00:03:36|2072.71M|87.21M|0
140186|csp-aggregate|COMPLETED|0:0|gpu_7day|dscog004|billing=2,cpu=2,mem=8192M,node=1|billing=2,cpu=2,mem=8192M,node=1|2026-08-30T14:31:33|2026-08-30T16:47:14|2026-08-30T16:47:17|00:00:00|00:00:03|3|00:02.038|6||||||
140186.batch|batch|COMPLETED|0:0||dscog004||cpu=2,mem=8192M,node=1|2026-08-30T16:47:14|2026-08-30T16:47:14|2026-08-30T16:47:17||00:00:03|3|00:02.038|6|14.88M|0|00:00:02|0|0.00M|0
140188|csp-aggregate|COMPLETED|0:0|gpu_7day|dscog004|billing=2,cpu=2,mem=8192M,node=1|billing=2,cpu=2,mem=8192M,node=1|2026-08-30T14:31:33|2026-08-30T15:13:21|2026-08-30T15:13:23|00:00:00|00:00:02|2|00:02.006|4||||||
140188.batch|batch|COMPLETED|0:0||dscog004||cpu=2,mem=8192M,node=1|2026-08-30T15:13:21|2026-08-30T15:13:21|2026-08-30T15:13:23||00:00:02|2|00:02.006|4|5.41M|0|00:00:02|0|0.00M|0
140185_0|csp-angle-ablation|COMPLETED|0:0|gpu_7day|dscog003|billing=8,cpu=8,gres/gpu:nvidia_a30=1,gres/gpu=1,mem=57344M,node=1|billing=8,cpu=8,gres/gpu:nvidia_a30=1,gres/gpu=1,mem=57344M,node=1|2026-08-30T14:31:33|2026-08-30T14:31:33|2026-08-30T15:15:43|00:00:00|00:44:10|2650|02:32:47|21200||||||
140185_0.batch|batch|COMPLETED|0:0||dscog003||cpu=8,gres/gpu:nvidia_a30=1,gres/gpu=1,mem=57344M,node=1|2026-08-30T14:31:33|2026-08-30T14:31:33|2026-08-30T15:15:43||00:44:10|2650|02:32:47|21200|5450.80M|0|02:32:46|1608.48M|9259.05M|0
140185_1|csp-angle-ablation|COMPLETED|0:0|gpu_7day|dscog003|billing=8,cpu=8,gres/gpu:nvidia_a30=1,gres/gpu=1,mem=57344M,node=1|billing=8,cpu=8,gres/gpu:nvidia_a30=1,gres/gpu=1,mem=57344M,node=1|2026-08-30T14:31:33|2026-08-30T14:31:34|2026-08-30T15:15:49|00:00:01|00:44:15|2655|02:32:51|21240||||||
140185_1.batch|batch|COMPLETED|0:0||dscog003||cpu=8,gres/gpu:nvidia_a30=1,gres/gpu=1,mem=57344M,node=1|2026-08-30T14:31:34|2026-08-30T14:31:34|2026-08-30T15:15:49||00:44:15|2655|02:32:51|21240|5082.24M|0|02:32:50|1608.51M|8736.24M|0
140185_2|csp-angle-ablation|COMPLETED|0:0|gpu_7day|dscog003|billing=8,cpu=8,gres/gpu:nvidia_a30=1,gres/gpu=1,mem=57344M,node=1|billing=8,cpu=8,gres/gpu:nvidia_a30=1,gres/gpu=1,mem=57344M,node=1|2026-08-30T14:31:33|2026-08-30T14:31:34|2026-08-30T15:15:33|00:00:01|00:43:59|2639|02:29:07|21112||||||
140185_2.batch|batch|COMPLETED|0:0||dscog003||cpu=8,gres/gpu:nvidia_a30=1,gres/gpu=1,mem=57344M,node=1|2026-08-30T14:31:34|2026-08-30T14:31:34|2026-08-30T15:15:33||00:43:59|2639|02:29:07|21112|4993.24M|0|02:29:07|1608.49M|8997.62M|0
140185_3|csp-angle-ablation|COMPLETED|0:0|gpu_7day|dscog003|billing=8,cpu=8,gres/gpu:nvidia_a30=1,gres/gpu=1,mem=57344M,node=1|billing=8,cpu=8,gres/gpu:nvidia_a30=1,gres/gpu=1,mem=57344M,node=1|2026-08-30T14:31:33|2026-08-30T14:31:34|2026-08-30T15:18:47|00:00:01|00:47:13|2833|02:31:25|22664||||||
140185_3.batch|batch|COMPLETED|0:0||dscog003||cpu=8,gres/gpu:nvidia_a30=1,gres/gpu=1,mem=57344M,node=1|2026-08-30T14:31:34|2026-08-30T14:31:34|2026-08-30T15:18:47||00:47:13|2833|02:31:25|22664|5083.66M|0|02:31:25|1689.97M|9366.18M|0
140185_4|csp-angle-ablation|COMPLETED|0:0|gpu_7day|dscog004|billing=8,cpu=8,gres/gpu:nvidia_a30=1,gres/gpu=1,mem=57344M,node=1|billing=8,cpu=8,gres/gpu:nvidia_a30=1,gres/gpu=1,mem=57344M,node=1|2026-08-30T14:31:33|2026-08-30T14:31:34|2026-08-30T15:17:40|00:00:01|00:46:06|2766|02:10:04|22128||||||
140185_4.batch|batch|COMPLETED|0:0||dscog004||cpu=8,gres/gpu:nvidia_a30=1,gres/gpu=1,mem=57344M,node=1|2026-08-30T14:31:34|2026-08-30T14:31:34|2026-08-30T15:17:40||00:46:06|2766|02:10:04|22128|5618.82M|0|02:10:04|1744.57M|9425.26M|0
140185_5|csp-angle-ablation|COMPLETED|0:0|gpu_7day|dscog006|billing=8,cpu=8,gres/gpu:nvidia_a30=1,gres/gpu=1,mem=57344M,node=1|billing=8,cpu=8,gres/gpu:nvidia_a30=1,gres/gpu=1,mem=57344M,node=1|2026-08-30T14:31:33|2026-08-30T14:31:34|2026-08-30T15:17:22|00:00:01|00:45:48|2748|02:22:26|21984||||||
140185_5.batch|batch|COMPLETED|0:0||dscog006||cpu=8,gres/gpu:nvidia_a30=1,gres/gpu=1,mem=57344M,node=1|2026-08-30T14:31:34|2026-08-30T14:31:34|2026-08-30T15:17:22||00:45:48|2748|02:22:26|21984|5039.45M|0|02:22:26|1611.37M|9277.41M|0
140185_6|csp-angle-ablation|COMPLETED|0:0|gpu_7day|dscog006|billing=8,cpu=8,gres/gpu:nvidia_a30=1,gres/gpu=1,mem=57344M,node=1|billing=8,cpu=8,gres/gpu:nvidia_a30=1,gres/gpu=1,mem=57344M,node=1|2026-08-30T14:31:33|2026-08-30T14:31:34|2026-08-30T15:14:46|00:00:01|00:43:12|2592|02:22:10|20736||||||
140185_6.batch|batch|COMPLETED|0:0||dscog006||cpu=8,gres/gpu:nvidia_a30=1,gres/gpu=1,mem=57344M,node=1|2026-08-30T14:31:34|2026-08-30T14:31:34|2026-08-30T15:14:46||00:43:12|2592|02:22:10|20736|5746.70M|0|02:22:09|1696.54M|9259.25M|0
140185_7|csp-angle-ablation|COMPLETED|0:0|gpu_7day|dscog006|billing=8,cpu=8,gres/gpu:nvidia_a30=1,gres/gpu=1,mem=57344M,node=1|billing=8,cpu=8,gres/gpu:nvidia_a30=1,gres/gpu=1,mem=57344M,node=1|2026-08-30T14:31:33|2026-08-30T14:31:34|2026-08-30T15:14:16|00:00:01|00:42:42|2562|02:18:08|20496||||||
140185_7.batch|batch|COMPLETED|0:0||dscog006||cpu=8,gres/gpu:nvidia_a30=1,gres/gpu=1,mem=57344M,node=1|2026-08-30T14:31:34|2026-08-30T14:31:34|2026-08-30T15:14:16||00:42:42|2562|02:18:08|20496|5128.88M|0|02:18:08|1701.17M|9491.65M|0
140185_8|csp-angle-ablation|COMPLETED|0:0|gpu_7day|dscog006|billing=8,cpu=8,gres/gpu:nvidia_a30=1,gres/gpu=1,mem=57344M,node=1|billing=8,cpu=8,gres/gpu:nvidia_a30=1,gres/gpu=1,mem=57344M,node=1|2026-08-30T14:31:33|2026-08-30T15:14:16|2026-08-30T15:56:39|00:00:00|00:42:23|2543|02:18:27|20344||||||
140185_8.batch|batch|COMPLETED|0:0||dscog006||cpu=8,gres/gpu:nvidia_a30=1,gres/gpu=1,mem=57344M,node=1|2026-08-30T15:14:16|2026-08-30T15:14:16|2026-08-30T15:56:39||00:42:23|2543|02:18:27|20344|4972M|0|02:18:27|1608.62M|9840.01M|0
140185_9|csp-angle-ablation|COMPLETED|0:0|gpu_7day|dscog006|billing=8,cpu=8,gres/gpu:nvidia_a30=1,gres/gpu=1,mem=57344M,node=1|billing=8,cpu=8,gres/gpu:nvidia_a30=1,gres/gpu=1,mem=57344M,node=1|2026-08-30T14:31:33|2026-08-30T15:14:46|2026-08-30T16:01:18|00:00:00|00:46:32|2792|02:24:36|22336||||||
140185_9.batch|batch|COMPLETED|0:0||dscog006||cpu=8,gres/gpu:nvidia_a30=1,gres/gpu=1,mem=57344M,node=1|2026-08-30T15:14:46|2026-08-30T15:14:46|2026-08-30T16:01:18||00:46:32|2792|02:24:36|22336|5124.37M|0|02:24:35|1777.97M|9218.45M|0
140185_10|csp-angle-ablation|COMPLETED|0:0|gpu_7day|dscog003|billing=8,cpu=8,gres/gpu:nvidia_a30=1,gres/gpu=1,mem=57344M,node=1|billing=8,cpu=8,gres/gpu:nvidia_a30=1,gres/gpu=1,mem=57344M,node=1|2026-08-30T14:31:33|2026-08-30T15:15:33|2026-08-30T16:02:23|00:00:00|00:46:50|2810|02:28:39|22480||||||
140185_10.batch|batch|COMPLETED|0:0||dscog003||cpu=8,gres/gpu:nvidia_a30=1,gres/gpu=1,mem=57344M,node=1|2026-08-30T15:15:33|2026-08-30T15:15:33|2026-08-30T16:02:23||00:46:50|2810|02:28:39|22480|4825.40M|0|02:28:39|1626.22M|9070.59M|0
140185_11|csp-angle-ablation|COMPLETED|0:0|gpu_7day|dscog003|billing=8,cpu=8,gres/gpu:nvidia_a30=1,gres/gpu=1,mem=57344M,node=1|billing=8,cpu=8,gres/gpu:nvidia_a30=1,gres/gpu=1,mem=57344M,node=1|2026-08-30T14:31:33|2026-08-30T15:15:43|2026-08-30T16:03:19|00:00:00|00:47:36|2856|02:33:09|22848||||||
140185_11.batch|batch|COMPLETED|0:0||dscog003||cpu=8,gres/gpu:nvidia_a30=1,gres/gpu=1,mem=57344M,node=1|2026-08-30T15:15:43|2026-08-30T15:15:43|2026-08-30T16:03:19||00:47:36|2856|02:33:09|22848|4841.90M|0|02:33:08|1765.04M|9543.52M|0
140185_12|csp-angle-ablation|COMPLETED|0:0|gpu_7day|dscog003|billing=8,cpu=8,gres/gpu:nvidia_a30=1,gres/gpu=1,mem=57344M,node=1|billing=8,cpu=8,gres/gpu:nvidia_a30=1,gres/gpu=1,mem=57344M,node=1|2026-08-30T14:31:33|2026-08-30T15:15:49|2026-08-30T16:03:08|00:00:00|00:47:19|2839|02:35:55|22712||||||
140185_12.batch|batch|COMPLETED|0:0||dscog003||cpu=8,gres/gpu:nvidia_a30=1,gres/gpu=1,mem=57344M,node=1|2026-08-30T15:15:49|2026-08-30T15:15:49|2026-08-30T16:03:08||00:47:19|2839|02:35:55|22712|5204.51M|0|02:35:55|1608.28M|8331.63M|0
140185_13|csp-angle-ablation|COMPLETED|0:0|gpu_7day|dscog006|billing=8,cpu=8,gres/gpu:nvidia_a30=1,gres/gpu=1,mem=57344M,node=1|billing=8,cpu=8,gres/gpu:nvidia_a30=1,gres/gpu=1,mem=57344M,node=1|2026-08-30T14:31:33|2026-08-30T15:17:23|2026-08-30T16:03:43|00:00:00|00:46:20|2780|02:22:56|22240||||||
140185_13.batch|batch|COMPLETED|0:0||dscog006||cpu=8,gres/gpu:nvidia_a30=1,gres/gpu=1,mem=57344M,node=1|2026-08-30T15:17:23|2026-08-30T15:17:23|2026-08-30T16:03:43||00:46:20|2780|02:22:56|22240|4848.51M|0|02:22:56|1608.49M|8272.56M|0
140185_14|csp-angle-ablation|COMPLETED|0:0|gpu_7day|dscog004|billing=8,cpu=8,gres/gpu:nvidia_a30=1,gres/gpu=1,mem=57344M,node=1|billing=8,cpu=8,gres/gpu:nvidia_a30=1,gres/gpu=1,mem=57344M,node=1|2026-08-30T14:31:33|2026-08-30T15:17:40|2026-08-30T16:04:07|00:00:00|00:46:27|2787|02:14:12|22296||||||
140185_14.batch|batch|COMPLETED|0:0||dscog004||cpu=8,gres/gpu:nvidia_a30=1,gres/gpu=1,mem=57344M,node=1|2026-08-30T15:17:40|2026-08-30T15:17:40|2026-08-30T16:04:07||00:46:27|2787|02:14:12|22296|5077.08M|0|02:14:12|1608.57M|7888.35M|0
140185_15|csp-angle-ablation|COMPLETED|0:0|gpu_7day|dscog003|billing=8,cpu=8,gres/gpu:nvidia_a30=1,gres/gpu=1,mem=57344M,node=1|billing=8,cpu=8,gres/gpu:nvidia_a30=1,gres/gpu=1,mem=57344M,node=1|2026-08-30T14:31:33|2026-08-30T15:18:47|2026-08-30T16:06:29|00:00:00|00:47:42|2862|02:29:40|22896||||||
140185_15.batch|batch|COMPLETED|0:0||dscog003||cpu=8,gres/gpu:nvidia_a30=1,gres/gpu=1,mem=57344M,node=1|2026-08-30T15:18:47|2026-08-30T15:18:47|2026-08-30T16:06:29||00:47:42|2862|02:29:40|22896|4892.91M|0|02:29:40|1700.15M|9099.91M|0
140185_16|csp-angle-ablation|COMPLETED|0:0|gpu_7day|dscog006|billing=8,cpu=8,gres/gpu:nvidia_a30=1,gres/gpu=1,mem=57344M,node=1|billing=8,cpu=8,gres/gpu:nvidia_a30=1,gres/gpu=1,mem=57344M,node=1|2026-08-30T14:31:33|2026-08-30T15:56:39|2026-08-30T16:41:38|00:00:00|00:44:59|2699|02:13:17|21592||||||
140185_16.batch|batch|COMPLETED|0:0||dscog006||cpu=8,gres/gpu:nvidia_a30=1,gres/gpu=1,mem=57344M,node=1|2026-08-30T15:56:39|2026-08-30T15:56:39|2026-08-30T16:41:38||00:44:59|2699|02:13:17|21592|5080.45M|0|02:13:17|1608.37M|9011.05M|0
140185_17|csp-angle-ablation|COMPLETED|0:0|gpu_7day|dscog006|billing=8,cpu=8,gres/gpu:nvidia_a30=1,gres/gpu=1,mem=57344M,node=1|billing=8,cpu=8,gres/gpu:nvidia_a30=1,gres/gpu=1,mem=57344M,node=1|2026-08-30T14:31:33|2026-08-30T16:01:18|2026-08-30T16:47:14|00:00:00|00:45:56|2756|02:17:05|22048||||||
140185_17.batch|batch|COMPLETED|0:0||dscog006||cpu=8,gres/gpu:nvidia_a30=1,gres/gpu=1,mem=57344M,node=1|2026-08-30T16:01:18|2026-08-30T16:01:18|2026-08-30T16:47:14||00:45:56|2756|02:17:05|22048|4993.95M|0|02:17:05|1608.59M|9217.93M|0
140187_0|csp-ablation-linegraph|COMPLETED|0:0|gpu_7day|dscog007|billing=8,cpu=8,gres/gpu:nvidia_a30=1,gres/gpu=1,mem=57344M,node=1|billing=8,cpu=8,gres/gpu:nvidia_a30=1,gres/gpu=1,mem=57344M,node=1|2026-08-30T14:31:33|2026-08-30T14:31:34|2026-08-30T15:13:20|00:00:01|00:41:46|2506|02:14:42|20048||||||
140187_0.batch|batch|COMPLETED|0:0||dscog007||cpu=8,gres/gpu:nvidia_a30=1,gres/gpu=1,mem=57344M,node=1|2026-08-30T14:31:34|2026-08-30T14:31:34|2026-08-30T15:13:20||00:41:46|2506|02:14:42|20048|5568.75M|0|02:14:42|1656.34M|9201.19M|0
140187_1|csp-ablation-linegraph|COMPLETED|0:0|gpu_7day|dscog007|billing=8,cpu=8,gres/gpu:nvidia_a30=1,gres/gpu=1,mem=57344M,node=1|billing=8,cpu=8,gres/gpu:nvidia_a30=1,gres/gpu=1,mem=57344M,node=1|2026-08-30T14:31:33|2026-08-30T14:31:34|2026-08-30T15:13:20|00:00:01|00:41:46|2506|02:09:36|20048||||||
140187_1.batch|batch|COMPLETED|0:0||dscog007||cpu=8,gres/gpu:nvidia_a30=1,gres/gpu=1,mem=57344M,node=1|2026-08-30T14:31:34|2026-08-30T14:31:34|2026-08-30T15:13:20||00:41:46|2506|02:09:36|20048|5178.12M|0|02:09:36|1632.17M|8678.25M|0
140187_2|csp-ablation-linegraph|COMPLETED|0:0|gpu_7day|dscog010|billing=8,cpu=8,gres/gpu:nvidia_a30=1,gres/gpu=1,mem=57344M,node=1|billing=8,cpu=8,gres/gpu:nvidia_a30=1,gres/gpu=1,mem=57344M,node=1|2026-08-30T14:31:33|2026-08-30T14:31:34|2026-08-30T15:12:34|00:00:01|00:41:00|2460|01:58:13|19680||||||
140187_2.batch|batch|COMPLETED|0:0||dscog010||cpu=8,gres/gpu:nvidia_a30=1,gres/gpu=1,mem=57344M,node=1|2026-08-30T14:31:34|2026-08-30T14:31:34|2026-08-30T15:12:34||00:41:00|2460|01:58:13|19680|5282.27M|0|01:58:13|1608.37M|10246.58M|0
140187_3|csp-ablation-linegraph|COMPLETED|0:0|gpu_7day|dscog010|billing=8,cpu=8,gres/gpu:nvidia_a30=1,gres/gpu=1,mem=57344M,node=1|billing=8,cpu=8,gres/gpu:nvidia_a30=1,gres/gpu=1,mem=57344M,node=1|2026-08-30T14:31:33|2026-08-30T14:31:34|2026-08-30T15:04:40|00:00:01|00:33:06|1986|01:54:41|15888||||||
140187_3.batch|batch|COMPLETED|0:0||dscog010||cpu=8,gres/gpu:nvidia_a30=1,gres/gpu=1,mem=57344M,node=1|2026-08-30T14:31:34|2026-08-30T14:31:34|2026-08-30T15:04:40||00:33:06|1986|01:54:41|15888|5429.62M|0|01:54:41|1731.36M|9017.61M|0
140187_4|csp-ablation-linegraph|COMPLETED|0:0|gpu_7day|dscog011|billing=8,cpu=8,gres/gpu:nvidia_a30=1,gres/gpu=1,mem=57344M,node=1|billing=8,cpu=8,gres/gpu:nvidia_a30=1,gres/gpu=1,mem=57344M,node=1|2026-08-30T14:31:33|2026-08-30T14:31:34|2026-08-30T15:06:06|00:00:01|00:34:32|2072|02:05:46|16576||||||
140187_4.batch|batch|COMPLETED|0:0||dscog011||cpu=8,gres/gpu:nvidia_a30=1,gres/gpu=1,mem=57344M,node=1|2026-08-30T14:31:34|2026-08-30T14:31:34|2026-08-30T15:06:06||00:34:32|2072|02:05:46|16576|4926.15M|0|02:05:46|1775.71M|8701.40M|0
140187_5|csp-ablation-linegraph|COMPLETED|0:0|gpu_7day|dscog011|billing=8,cpu=8,gres/gpu:nvidia_a30=1,gres/gpu=1,mem=57344M,node=1|billing=8,cpu=8,gres/gpu:nvidia_a30=1,gres/gpu=1,mem=57344M,node=1|2026-08-30T14:31:33|2026-08-30T14:31:34|2026-08-30T15:05:21|00:00:01|00:33:47|2027|02:04:17|16216||||||
140187_5.batch|batch|COMPLETED|0:0||dscog011||cpu=8,gres/gpu:nvidia_a30=1,gres/gpu=1,mem=57344M,node=1|2026-08-30T14:31:34|2026-08-30T14:31:34|2026-08-30T15:05:21||00:33:47|2027|02:04:17|16216|5256.65M|0|02:04:17|1637.40M|9362.34M|0
140189_0|csp-confound|COMPLETED|0:0|gpu_7day|dscog011|billing=8,cpu=8,gres/gpu:nvidia_a30=1,gres/gpu=1,mem=57344M,node=1|billing=8,cpu=8,gres/gpu:nvidia_a30=1,gres/gpu=1,mem=57344M,node=1|2026-08-30T14:31:33|2026-08-30T14:31:34|2026-08-30T15:16:58|00:00:01|00:45:24|2724|02:14:03|21792||||||
140189_0.batch|batch|COMPLETED|0:0||dscog011||cpu=8,gres/gpu:nvidia_a30=1,gres/gpu=1,mem=57344M,node=1|2026-08-30T14:31:34|2026-08-30T14:31:34|2026-08-30T15:16:58||00:45:24|2724|02:14:03|21792|5098.31M|0|02:14:02|1606.58M|10163.89M|0
140189_1|csp-confound|COMPLETED|0:0|gpu_7day|dscog012|billing=8,cpu=8,gres/gpu:nvidia_a30=1,gres/gpu=1,mem=57344M,node=1|billing=8,cpu=8,gres/gpu:nvidia_a30=1,gres/gpu=1,mem=57344M,node=1|2026-08-30T14:31:33|2026-08-30T14:31:34|2026-08-30T15:17:18|00:00:01|00:45:44|2744|02:16:45|21952||||||
140189_1.batch|batch|COMPLETED|0:0||dscog012||cpu=8,gres/gpu:nvidia_a30=1,gres/gpu=1,mem=57344M,node=1|2026-08-30T14:31:34|2026-08-30T14:31:34|2026-08-30T15:17:18||00:45:44|2744|02:16:45|21952|5496.68M|0|02:16:45|1669.58M|9218.45M|0
140189_2|csp-confound|COMPLETED|0:0|gpu_7day|dscog012|billing=8,cpu=8,gres/gpu:nvidia_a30=1,gres/gpu=1,mem=57344M,node=1|billing=8,cpu=8,gres/gpu:nvidia_a30=1,gres/gpu=1,mem=57344M,node=1|2026-08-30T14:31:33|2026-08-30T14:31:34|2026-08-30T15:17:06|00:00:01|00:45:32|2732|02:14:25|21856||||||
140189_2.batch|batch|COMPLETED|0:0||dscog012||cpu=8,gres/gpu:nvidia_a30=1,gres/gpu=1,mem=57344M,node=1|2026-08-30T14:31:34|2026-08-30T14:31:34|2026-08-30T15:17:06||00:45:32|2732|02:14:25|21856|5307.54M|0|02:14:25|1776.10M|9277.54M|0
140257_0|csp-mechanism|FAILED|1:0|gpu_7day|dscog006|billing=8,cpu=8,gres/gpu:nvidia_a30=1,gres/gpu=1,mem=57344M,node=1|billing=8,cpu=8,gres/gpu:nvidia_a30=1,gres/gpu=1,mem=57344M,node=1|2026-08-31T07:50:41|2026-08-31T07:50:41|2026-08-31T07:50:55|00:00:00|00:00:14|14|00:05.289|112||||||
140257_0.batch|batch|FAILED|1:0||dscog006||cpu=8,gres/gpu:nvidia_a30=1,gres/gpu=1,mem=57344M,node=1|2026-08-31T07:50:41|2026-08-31T07:50:41|2026-08-31T07:50:55||00:00:14|14|00:05.289|112|83.02M|0|00:00:05|0|0.00M|0
140257_1|csp-mechanism|FAILED|1:0|gpu_7day|dscog006|billing=8,cpu=8,gres/gpu:nvidia_a30=1,gres/gpu=1,mem=57344M,node=1|billing=8,cpu=8,gres/gpu:nvidia_a30=1,gres/gpu=1,mem=57344M,node=1|2026-08-31T07:50:41|2026-08-31T07:50:42|2026-08-31T07:50:55|00:00:01|00:00:13|13|00:05.380|104||||||
140257_1.batch|batch|FAILED|1:0||dscog006||cpu=8,gres/gpu:nvidia_a30=1,gres/gpu=1,mem=57344M,node=1|2026-08-31T07:50:42|2026-08-31T07:50:42|2026-08-31T07:50:55||00:00:13|13|00:05.380|104|198.91M|0|00:00:05|0|0.00M|0
140257_2|csp-mechanism|FAILED|1:0|gpu_7day|dscog006|billing=8,cpu=8,gres/gpu:nvidia_a30=1,gres/gpu=1,mem=57344M,node=1|billing=8,cpu=8,gres/gpu:nvidia_a30=1,gres/gpu=1,mem=57344M,node=1|2026-08-31T07:50:41|2026-08-31T07:50:42|2026-08-31T07:50:55|00:00:01|00:00:13|13|00:05.380|104||||||
140257_2.batch|batch|FAILED|1:0||dscog006||cpu=8,gres/gpu:nvidia_a30=1,gres/gpu=1,mem=57344M,node=1|2026-08-31T07:50:42|2026-08-31T07:50:42|2026-08-31T07:50:55||00:00:13|13|00:05.380|104|158.18M|0|00:00:05|0|0.00M|0
140257_3|csp-mechanism|FAILED|1:0|gpu_7day|dscog007|billing=8,cpu=8,gres/gpu:nvidia_a30=1,gres/gpu=1,mem=57344M,node=1|billing=8,cpu=8,gres/gpu:nvidia_a30=1,gres/gpu=1,mem=57344M,node=1|2026-08-31T07:50:41|2026-08-31T07:50:42|2026-08-31T07:50:55|00:00:01|00:00:13|13|00:05.218|104||||||
140257_3.batch|batch|FAILED|1:0||dscog007||cpu=8,gres/gpu:nvidia_a30=1,gres/gpu=1,mem=57344M,node=1|2026-08-31T07:50:42|2026-08-31T07:50:42|2026-08-31T07:50:55||00:00:13|13|00:05.218|104|243.55M|0|00:00:05|0|0.00M|0
140257_4|csp-mechanism|FAILED|1:0|gpu_7day|dscog007|billing=8,cpu=8,gres/gpu:nvidia_a30=1,gres/gpu=1,mem=57344M,node=1|billing=8,cpu=8,gres/gpu:nvidia_a30=1,gres/gpu=1,mem=57344M,node=1|2026-08-31T07:50:41|2026-08-31T07:50:42|2026-08-31T07:50:55|00:00:01|00:00:13|13|00:05.245|104||||||
140257_4.batch|batch|FAILED|1:0||dscog007||cpu=8,gres/gpu:nvidia_a30=1,gres/gpu=1,mem=57344M,node=1|2026-08-31T07:50:42|2026-08-31T07:50:42|2026-08-31T07:50:55||00:00:13|13|00:05.245|104|171.72M|0|00:00:05|0|0.00M|0
140257_5|csp-mechanism|FAILED|1:0|gpu_7day|dscog010|billing=8,cpu=8,gres/gpu:nvidia_a30=1,gres/gpu=1,mem=57344M,node=1|billing=8,cpu=8,gres/gpu:nvidia_a30=1,gres/gpu=1,mem=57344M,node=1|2026-08-31T07:50:41|2026-08-31T07:50:42|2026-08-31T07:50:55|00:00:01|00:00:13|13|00:05.183|104||||||
140257_5.batch|batch|FAILED|1:0||dscog010||cpu=8,gres/gpu:nvidia_a30=1,gres/gpu=1,mem=57344M,node=1|2026-08-31T07:50:42|2026-08-31T07:50:42|2026-08-31T07:50:55||00:00:13|13|00:05.183|104|171.36M|0|00:00:05|0|0.00M|0
140257_6|csp-mechanism|FAILED|1:0|gpu_7day|dscog010|billing=8,cpu=8,gres/gpu:nvidia_a30=1,gres/gpu=1,mem=57344M,node=1|billing=8,cpu=8,gres/gpu:nvidia_a30=1,gres/gpu=1,mem=57344M,node=1|2026-08-31T07:50:41|2026-08-31T07:50:42|2026-08-31T07:50:55|00:00:01|00:00:13|13|00:05.265|104||||||
140257_6.batch|batch|FAILED|1:0||dscog010||cpu=8,gres/gpu:nvidia_a30=1,gres/gpu=1,mem=57344M,node=1|2026-08-31T07:50:42|2026-08-31T07:50:42|2026-08-31T07:50:55||00:00:13|13|00:05.265|104|256.84M|0|00:00:05|0|0.00M|0
140257_7|csp-mechanism|FAILED|1:0|gpu_7day|dscog011|billing=8,cpu=8,gres/gpu:nvidia_a30=1,gres/gpu=1,mem=57344M,node=1|billing=8,cpu=8,gres/gpu:nvidia_a30=1,gres/gpu=1,mem=57344M,node=1|2026-08-31T07:50:41|2026-08-31T07:50:42|2026-08-31T07:50:55|00:00:01|00:00:13|13|00:05.211|104||||||
140257_7.batch|batch|FAILED|1:0||dscog011||cpu=8,gres/gpu:nvidia_a30=1,gres/gpu=1,mem=57344M,node=1|2026-08-31T07:50:42|2026-08-31T07:50:42|2026-08-31T07:50:55||00:00:13|13|00:05.211|104|413.72M|0|00:00:05|0|0.00M|0
140257_8|csp-mechanism|FAILED|1:0|gpu_7day|dscog006|billing=8,cpu=8,gres/gpu:nvidia_a30=1,gres/gpu=1,mem=57344M,node=1|billing=8,cpu=8,gres/gpu:nvidia_a30=1,gres/gpu=1,mem=57344M,node=1|2026-08-31T07:50:41|2026-08-31T07:50:55|2026-08-31T07:51:03|00:00:00|00:00:08|8|00:04.683|64||||||
140257_8.batch|batch|FAILED|1:0||dscog006||cpu=8,gres/gpu:nvidia_a30=1,gres/gpu=1,mem=57344M,node=1|2026-08-31T07:50:55|2026-08-31T07:50:55|2026-08-31T07:51:03||00:00:08|8|00:04.683|64|17.50M|0|00:00:04|0|0.00M|0
140257_9|csp-mechanism|FAILED|1:0|gpu_7day|dscog006|billing=8,cpu=8,gres/gpu:nvidia_a30=1,gres/gpu=1,mem=57344M,node=1|billing=8,cpu=8,gres/gpu:nvidia_a30=1,gres/gpu=1,mem=57344M,node=1|2026-08-31T07:50:41|2026-08-31T07:50:55|2026-08-31T07:51:03|00:00:00|00:00:08|8|00:04.682|64||||||
140257_9.batch|batch|FAILED|1:0||dscog006||cpu=8,gres/gpu:nvidia_a30=1,gres/gpu=1,mem=57344M,node=1|2026-08-31T07:50:55|2026-08-31T07:50:55|2026-08-31T07:51:03||00:00:08|8|00:04.682|64|17.11M|0|00:00:04|0|0.00M|0
140257_10|csp-mechanism|FAILED|1:0|gpu_7day|dscog006|billing=8,cpu=8,gres/gpu:nvidia_a30=1,gres/gpu=1,mem=57344M,node=1|billing=8,cpu=8,gres/gpu:nvidia_a30=1,gres/gpu=1,mem=57344M,node=1|2026-08-31T07:50:41|2026-08-31T07:50:56|2026-08-31T07:51:03|00:00:01|00:00:07|7|00:04.573|56||||||
140257_10.batch|batch|FAILED|1:0||dscog006||cpu=8,gres/gpu:nvidia_a30=1,gres/gpu=1,mem=57344M,node=1|2026-08-31T07:50:56|2026-08-31T07:50:56|2026-08-31T07:51:03||00:00:07|7|00:04.573|56|17.18M|0|00:00:04|0|0.00M|0
140257_11|csp-mechanism|FAILED|1:0|gpu_7day|dscog007|billing=8,cpu=8,gres/gpu:nvidia_a30=1,gres/gpu=1,mem=57344M,node=1|billing=8,cpu=8,gres/gpu:nvidia_a30=1,gres/gpu=1,mem=57344M,node=1|2026-08-31T07:50:41|2026-08-31T07:50:56|2026-08-31T07:51:02|00:00:01|00:00:06|6|00:04.467|48||||||
140257_11.batch|batch|FAILED|1:0||dscog007||cpu=8,gres/gpu:nvidia_a30=1,gres/gpu=1,mem=57344M,node=1|2026-08-31T07:50:56|2026-08-31T07:50:56|2026-08-31T07:51:02||00:00:06|6|00:04.467|48|17.61M|0|00:00:04|0|0.00M|0
140257_12|csp-mechanism|FAILED|1:0|gpu_7day|dscog007|billing=8,cpu=8,gres/gpu:nvidia_a30=1,gres/gpu=1,mem=57344M,node=1|billing=8,cpu=8,gres/gpu:nvidia_a30=1,gres/gpu=1,mem=57344M,node=1|2026-08-31T07:50:41|2026-08-31T07:50:56|2026-08-31T07:51:02|00:00:01|00:00:06|6|00:04.505|48||||||
140257_12.batch|batch|FAILED|1:0||dscog007||cpu=8,gres/gpu:nvidia_a30=1,gres/gpu=1,mem=57344M,node=1|2026-08-31T07:50:56|2026-08-31T07:50:56|2026-08-31T07:51:02||00:00:06|6|00:04.505|48|17.29M|0|00:00:04|0|0.00M|0
140257_13|csp-mechanism|FAILED|1:0|gpu_7day|dscog010|billing=8,cpu=8,gres/gpu:nvidia_a30=1,gres/gpu=1,mem=57344M,node=1|billing=8,cpu=8,gres/gpu:nvidia_a30=1,gres/gpu=1,mem=57344M,node=1|2026-08-31T07:50:41|2026-08-31T07:50:56|2026-08-31T07:51:02|00:00:01|00:00:06|6|00:04.467|48||||||
140257_13.batch|batch|FAILED|1:0||dscog010||cpu=8,gres/gpu:nvidia_a30=1,gres/gpu=1,mem=57344M,node=1|2026-08-31T07:50:56|2026-08-31T07:50:56|2026-08-31T07:51:02||00:00:06|6|00:04.467|48|17.46M|0|00:00:04|0|0.00M|0
140257_14|csp-mechanism|FAILED|1:0|gpu_7day|dscog010|billing=8,cpu=8,gres/gpu:nvidia_a30=1,gres/gpu=1,mem=57344M,node=1|billing=8,cpu=8,gres/gpu:nvidia_a30=1,gres/gpu=1,mem=57344M,node=1|2026-08-31T07:50:41|2026-08-31T07:50:56|2026-08-31T07:51:02|00:00:01|00:00:06|6|00:04.453|48||||||
140257_14.batch|batch|FAILED|1:0||dscog010||cpu=8,gres/gpu:nvidia_a30=1,gres/gpu=1,mem=57344M,node=1|2026-08-31T07:50:56|2026-08-31T07:50:56|2026-08-31T07:51:02||00:00:06|6|00:04.453|48|17.06M|0|00:00:04|0|0.00M|0
140257_15|csp-mechanism|FAILED|1:0|gpu_7day|dscog011|billing=8,cpu=8,gres/gpu:nvidia_a30=1,gres/gpu=1,mem=57344M,node=1|billing=8,cpu=8,gres/gpu:nvidia_a30=1,gres/gpu=1,mem=57344M,node=1|2026-08-31T07:50:41|2026-08-31T07:50:56|2026-08-31T07:51:02|00:00:01|00:00:06|6|00:04.341|48||||||
140257_15.batch|batch|FAILED|1:0||dscog011||cpu=8,gres/gpu:nvidia_a30=1,gres/gpu=1,mem=57344M,node=1|2026-08-31T07:50:56|2026-08-31T07:50:56|2026-08-31T07:51:02||00:00:06|6|00:04.341|48|17.45M|0|00:00:04|0|0.00M|0
140257_16|csp-mechanism|FAILED|1:0|gpu_7day|dscog007|billing=8,cpu=8,gres/gpu:nvidia_a30=1,gres/gpu=1,mem=57344M,node=1|billing=8,cpu=8,gres/gpu:nvidia_a30=1,gres/gpu=1,mem=57344M,node=1|2026-08-31T07:50:41|2026-08-31T07:51:02|2026-08-31T07:51:09|00:00:00|00:00:07|7|00:04.398|56||||||
140257_16.batch|batch|FAILED|1:0||dscog007||cpu=8,gres/gpu:nvidia_a30=1,gres/gpu=1,mem=57344M,node=1|2026-08-31T07:51:02|2026-08-31T07:51:02|2026-08-31T07:51:09||00:00:07|7|00:04.398|56|17.68M|0|00:00:04|0|0.00M|0
140257_17|csp-mechanism|FAILED|1:0|gpu_7day|dscog007|billing=8,cpu=8,gres/gpu:nvidia_a30=1,gres/gpu=1,mem=57344M,node=1|billing=8,cpu=8,gres/gpu:nvidia_a30=1,gres/gpu=1,mem=57344M,node=1|2026-08-31T07:50:41|2026-08-31T07:51:03|2026-08-31T07:51:09|00:00:01|00:00:06|6|00:04.408|48||||||
140257_17.batch|batch|FAILED|1:0||dscog007||cpu=8,gres/gpu:nvidia_a30=1,gres/gpu=1,mem=57344M,node=1|2026-08-31T07:51:03|2026-08-31T07:51:03|2026-08-31T07:51:09||00:00:06|6|00:04.408|48|17.07M|0|00:00:04|0|0.00M|0
140257_18|csp-mechanism|FAILED|1:0|gpu_7day|dscog010|billing=8,cpu=8,gres/gpu:nvidia_a30=1,gres/gpu=1,mem=57344M,node=1|billing=8,cpu=8,gres/gpu:nvidia_a30=1,gres/gpu=1,mem=57344M,node=1|2026-08-31T07:50:41|2026-08-31T07:51:03|2026-08-31T07:51:09|00:00:01|00:00:06|6|00:04.402|48||||||
140257_18.batch|batch|FAILED|1:0||dscog010||cpu=8,gres/gpu:nvidia_a30=1,gres/gpu=1,mem=57344M,node=1|2026-08-31T07:51:03|2026-08-31T07:51:03|2026-08-31T07:51:09||00:00:06|6|00:04.402|48|17.38M|0|00:00:04|0|0.00M|0
140257_19|csp-mechanism|FAILED|1:0|gpu_7day|dscog010|billing=8,cpu=8,gres/gpu:nvidia_a30=1,gres/gpu=1,mem=57344M,node=1|billing=8,cpu=8,gres/gpu:nvidia_a30=1,gres/gpu=1,mem=57344M,node=1|2026-08-31T07:50:41|2026-08-31T07:51:03|2026-08-31T07:51:09|00:00:01|00:00:06|6|00:04.342|48||||||
140257_19.batch|batch|FAILED|1:0||dscog010||cpu=8,gres/gpu:nvidia_a30=1,gres/gpu=1,mem=57344M,node=1|2026-08-31T07:51:03|2026-08-31T07:51:03|2026-08-31T07:51:09||00:00:06|6|00:04.342|48|17.23M|0|00:00:04|0|0.00M|0
140257_20|csp-mechanism|FAILED|1:0|gpu_7day|dscog011|billing=8,cpu=8,gres/gpu:nvidia_a30=1,gres/gpu=1,mem=57344M,node=1|billing=8,cpu=8,gres/gpu:nvidia_a30=1,gres/gpu=1,mem=57344M,node=1|2026-08-31T07:50:41|2026-08-31T07:51:03|2026-08-31T07:51:09|00:00:01|00:00:06|6|00:04.375|48||||||
140257_20.batch|batch|FAILED|1:0||dscog011||cpu=8,gres/gpu:nvidia_a30=1,gres/gpu=1,mem=57344M,node=1|2026-08-31T07:51:03|2026-08-31T07:51:03|2026-08-31T07:51:09||00:00:06|6|00:04.375|48|17.46M|0|00:00:04|0|0.00M|0
140257_21|csp-mechanism|FAILED|1:0|gpu_7day|dscog006|billing=8,cpu=8,gres/gpu:nvidia_a30=1,gres/gpu=1,mem=57344M,node=1|billing=8,cpu=8,gres/gpu:nvidia_a30=1,gres/gpu=1,mem=57344M,node=1|2026-08-31T07:50:41|2026-08-31T07:51:06|2026-08-31T07:51:13|00:00:00|00:00:07|7|00:04.501|56||||||
140257_21.batch|batch|FAILED|1:0||dscog006||cpu=8,gres/gpu:nvidia_a30=1,gres/gpu=1,mem=57344M,node=1|2026-08-31T07:51:06|2026-08-31T07:51:06|2026-08-31T07:51:13||00:00:07|7|00:04.501|56|17.02M|0|00:00:04|0|0.00M|0
140257_22|csp-mechanism|FAILED|1:0|gpu_7day|dscog006|billing=8,cpu=8,gres/gpu:nvidia_a30=1,gres/gpu=1,mem=57344M,node=1|billing=8,cpu=8,gres/gpu:nvidia_a30=1,gres/gpu=1,mem=57344M,node=1|2026-08-31T07:50:41|2026-08-31T07:51:07|2026-08-31T07:51:13|00:00:01|00:00:06|6|00:04.497|48||||||
140257_22.batch|batch|FAILED|1:0||dscog006||cpu=8,gres/gpu:nvidia_a30=1,gres/gpu=1,mem=57344M,node=1|2026-08-31T07:51:07|2026-08-31T07:51:07|2026-08-31T07:51:13||00:00:06|6|00:04.497|48|17.39M|0|00:00:04|0|0.00M|0
140257_23|csp-mechanism|FAILED|1:0|gpu_7day|dscog006|billing=8,cpu=8,gres/gpu:nvidia_a30=1,gres/gpu=1,mem=57344M,node=1|billing=8,cpu=8,gres/gpu:nvidia_a30=1,gres/gpu=1,mem=57344M,node=1|2026-08-31T07:50:41|2026-08-31T07:51:07|2026-08-31T07:51:13|00:00:01|00:00:06|6|00:04.473|48||||||
140257_23.batch|batch|FAILED|1:0||dscog006||cpu=8,gres/gpu:nvidia_a30=1,gres/gpu=1,mem=57344M,node=1|2026-08-31T07:51:07|2026-08-31T07:51:07|2026-08-31T07:51:13||00:00:06|6|00:04.473|48|17.08M|0|00:00:04|0|0.00M|0
140283|csp-aggregate|PENDING|0:0|gpu_7day|None assigned|billing=2,cpu=2,mem=8192M,node=1||2026-08-31T07:51:27|Unknown|Unknown|00:00:00|00:00:00|0|00:00:00|0||||||0
140282_0|csp-symprec-sweep|RUNNING|0:0|gpu_7day|dscog006|billing=8,cpu=8,gres/gpu:nvidia_a30=1,gres/gpu=1,mem=57344M,node=1|billing=8,cpu=8,gres/gpu:nvidia_a30=1,gres/gpu=1,mem=57344M,node=1|2026-08-31T07:51:27|2026-08-31T07:51:27|Unknown|00:00:00|00:03:12|192|00:00:00|1536||||||
140282_0.batch|batch|RUNNING|0:0||dscog006||cpu=8,gres/gpu:nvidia_a30=1,gres/gpu=1,mem=57344M,node=1|2026-08-31T07:51:27|2026-08-31T07:51:27|Unknown||00:03:12|192|00:00:00|1536||||||0
140284|csp-analysis|RUNNING|0:0|gpu_7day|dscog004|billing=8,cpu=8,mem=32768M,node=1|billing=8,cpu=8,mem=32768M,node=1|2026-08-31T07:53:16|2026-08-31T07:53:16|Unknown|00:00:00|00:01:23|83|00:00:00|664||||||
140284.batch|batch|RUNNING|0:0||dscog004||cpu=8,mem=32768M,node=1|2026-08-31T07:53:16|2026-08-31T07:53:16|Unknown||00:01:23|83|00:00:00|664||||||0
140285_0|csp-mechanism|RUNNING|0:0|gpu_7day|dscog006|billing=8,cpu=8,gres/gpu:nvidia_a30=1,gres/gpu=1,mem=57344M,node=1|billing=8,cpu=8,gres/gpu:nvidia_a30=1,gres/gpu=1,mem=57344M,node=1|2026-08-31T07:54:23|2026-08-31T07:54:23|Unknown|00:00:00|00:00:16|16|00:00:00|128||||||
140285_0.batch|batch|RUNNING|0:0||dscog006||cpu=8,gres/gpu:nvidia_a30=1,gres/gpu=1,mem=57344M,node=1|2026-08-31T07:54:23|2026-08-31T07:54:23|Unknown||00:00:16|16|00:00:00|128||||||0
140285_1|csp-mechanism|RUNNING|0:0|gpu_7day|dscog006|billing=8,cpu=8,gres/gpu:nvidia_a30=1,gres/gpu=1,mem=57344M,node=1|billing=8,cpu=8,gres/gpu:nvidia_a30=1,gres/gpu=1,mem=57344M,node=1|2026-08-31T07:54:23|2026-08-31T07:54:24|Unknown|00:00:01|00:00:15|15|00:00:00|120||||||
140285_1.batch|batch|RUNNING|0:0||dscog006||cpu=8,gres/gpu:nvidia_a30=1,gres/gpu=1,mem=57344M,node=1|2026-08-31T07:54:24|2026-08-31T07:54:24|Unknown||00:00:15|15|00:00:00|120||||||0
140285_2|csp-mechanism|RUNNING|0:0|gpu_7day|dscog007|billing=8,cpu=8,gres/gpu:nvidia_a30=1,gres/gpu=1,mem=57344M,node=1|billing=8,cpu=8,gres/gpu:nvidia_a30=1,gres/gpu=1,mem=57344M,node=1|2026-08-31T07:54:23|2026-08-31T07:54:24|Unknown|00:00:01|00:00:15|15|00:00:00|120||||||
140285_2.batch|batch|RUNNING|0:0||dscog007||cpu=8,gres/gpu:nvidia_a30=1,gres/gpu=1,mem=57344M,node=1|2026-08-31T07:54:24|2026-08-31T07:54:24|Unknown||00:00:15|15|00:00:00|120||||||0
140285_3|csp-mechanism|RUNNING|0:0|gpu_7day|dscog007|billing=8,cpu=8,gres/gpu:nvidia_a30=1,gres/gpu=1,mem=57344M,node=1|billing=8,cpu=8,gres/gpu:nvidia_a30=1,gres/gpu=1,mem=57344M,node=1|2026-08-31T07:54:23|2026-08-31T07:54:24|Unknown|00:00:01|00:00:15|15|00:00:00|120||||||
140285_3.batch|batch|RUNNING|0:0||dscog007||cpu=8,gres/gpu:nvidia_a30=1,gres/gpu=1,mem=57344M,node=1|2026-08-31T07:54:24|2026-08-31T07:54:24|Unknown||00:00:15|15|00:00:00|120||||||0
140285_4|csp-mechanism|RUNNING|0:0|gpu_7day|dscog010|billing=8,cpu=8,gres/gpu:nvidia_a30=1,gres/gpu=1,mem=57344M,node=1|billing=8,cpu=8,gres/gpu:nvidia_a30=1,gres/gpu=1,mem=57344M,node=1|2026-08-31T07:54:23|2026-08-31T07:54:24|Unknown|00:00:01|00:00:15|15|00:00:00|120||||||
140285_4.batch|batch|RUNNING|0:0||dscog010||cpu=8,gres/gpu:nvidia_a30=1,gres/gpu=1,mem=57344M,node=1|2026-08-31T07:54:24|2026-08-31T07:54:24|Unknown||00:00:15|15|00:00:00|120||||||0
140285_5|csp-mechanism|RUNNING|0:0|gpu_7day|dscog010|billing=8,cpu=8,gres/gpu:nvidia_a30=1,gres/gpu=1,mem=57344M,node=1|billing=8,cpu=8,gres/gpu:nvidia_a30=1,gres/gpu=1,mem=57344M,node=1|2026-08-31T07:54:23|2026-08-31T07:54:24|Unknown|00:00:01|00:00:15|15|00:00:00|120||||||
140285_5.batch|batch|RUNNING|0:0||dscog010||cpu=8,gres/gpu:nvidia_a30=1,gres/gpu=1,mem=57344M,node=1|2026-08-31T07:54:24|2026-08-31T07:54:24|Unknown||00:00:15|15|00:00:00|120||||||0
140285_6|csp-mechanism|RUNNING|0:0|gpu_7day|dscog011|billing=8,cpu=8,gres/gpu:nvidia_a30=1,gres/gpu=1,mem=57344M,node=1|billing=8,cpu=8,gres/gpu:nvidia_a30=1,gres/gpu=1,mem=57344M,node=1|2026-08-31T07:54:23|2026-08-31T07:54:24|Unknown|00:00:01|00:00:15|15|00:00:00|120||||||
140285_6.batch|batch|RUNNING|0:0||dscog011||cpu=8,gres/gpu:nvidia_a30=1,gres/gpu=1,mem=57344M,node=1|2026-08-31T07:54:24|2026-08-31T07:54:24|Unknown||00:00:15|15|00:00:00|120||||||0
140285_7|csp-mechanism|RUNNING|0:0|gpu_7day|dscog011|billing=8,cpu=8,gres/gpu:nvidia_a30=1,gres/gpu=1,mem=57344M,node=1|billing=8,cpu=8,gres/gpu:nvidia_a30=1,gres/gpu=1,mem=57344M,node=1|2026-08-31T07:54:23|2026-08-31T07:54:24|Unknown|00:00:01|00:00:15|15|00:00:00|120||||||
140285_7.batch|batch|RUNNING|0:0||dscog011||cpu=8,gres/gpu:nvidia_a30=1,gres/gpu=1,mem=57344M,node=1|2026-08-31T07:54:24|2026-08-31T07:54:24|Unknown||00:00:15|15|00:00:00|120||||||0
140285_[8-23%8]|csp-mechanism|PENDING|0:0|gpu_7day|None assigned|billing=8,cpu=8,gres/gpu:nvidia_a30=1,gres/gpu=1,mem=57344M,node=1||2026-08-31T07:54:23|Unknown|Unknown|00:00:00|00:00:00|0|00:00:00|0||||||0
